Treewidth,Dimension,Log(n),First term,Second Term,n,k,p,Diameter,AlgorithmE Time,Tree decomp Time
2,2,6.214608098422191,80.45559624700124,24,500,2,40,15,0.0291,0.0000
2,2,6.907755278982137,144.76482730108395,24,1000,2,40,13,0.1073,0.0003
2,2,7.313220387090301,205.1079990215914,24,1500,2,40,15,0.2291,0.0001
2,2,7.600902459542082,263.12664984790376,24,2000,2,40,16,0.3610,0.0001
2,2,7.824046010856292,319.5277732941643,24,2500,2,40,21,0.5866,0.0002
